ID,Source Type,Source Name,Source IP,User ID,Username,Domain,Action,Status,Auth Method,Client IP,Client Port,Server IP,Server Port,Session ID,User Agent,Timestamp,Created At,Is Encrypted,Retention Date,Details
f9785e96-8f48-4145-99a5-de170f930c1e,SYSTEM,Auth API,127.0.0.1,wrong,wrong,,LOGIN,FAILED,PASSWORD,127.0.0.1,,,,,,2025-07-21 19:08:14.644076+00:00,2025-07-21 19:08:14.645840+00:00,True,2025-10-19 19:08:14.644217+00:00,ไม่สามารถถอดรหัสได้
7b40f283-b2ed-47af-b068-f79a8ec2e76a,SYSTEM,Auth API,127.0.0.1,admin,admin,,LOGIN,SUCCESS,PASSWORD,127.0.0.1,,,,,,2025-07-21 19:07:58.290403+00:00,2025-07-21 19:07:58.293522+00:00,True,2025-10-19 19:07:58.290501+00:00,ไม่สามารถถอดรหัสได้
468e7dd1-5abf-4da8-8d51-2ce032d11014,SYSTEM,Auth API,127.0.0.1,admin,admin,,LOGIN,SUCCESS,PASSWORD,127.0.0.1,,,,,,2025-07-21 19:05:50.471034+00:00,2025-07-21 19:05:50.475032+00:00,True,2025-10-19 19:05:50.471060+00:00,ไม่สามารถถอดรหัสได้
89483e38-a511-4ebe-a7c9-e66a82fd45ef,SYSTEM,Auth API,127.0.0.1,admin,admin,,LOGIN,SUCCESS,PASSWORD,127.0.0.1,,,,,,2025-07-21 19:05:25.194276+00:00,2025-07-21 19:05:25.198315+00:00,True,2025-10-19 19:05:25.194311+00:00,ไม่สามารถถอดรหัสได้
66c92587-745c-4887-8418-92b59125f3df,SYSTEM,Auth API,127.0.0.1,admin,admin,,LOGIN,SUCCESS,PASSWORD,127.0.0.1,,,,,,2025-07-21 19:04:46.098122+00:00,2025-07-21 19:04:46.101820+00:00,True,2025-10-19 19:04:46.098142+00:00,ไม่สามารถถอดรหัสได้
8de1ef4a-72c2-44ce-a69a-c7176fa35954,SYSTEM,Auth API,127.0.0.1,admin,admin,,LOGIN,SUCCESS,PASSWORD,127.0.0.1,,,,,,2025-07-21 19:03:29.597127+00:00,2025-07-21 19:03:29.597543+00:00,True,2025-10-19 19:03:29.597148+00:00,ไม่สามารถถอดรหัสได้
4ffcd2a6-d633-43fa-b7d7-48381e647d35,SYSTEM,Auth API,127.0.0.1,admin,admin,,LOGIN,SUCCESS,PASSWORD,127.0.0.1,,,,,,2025-07-21 19:02:33.197943+00:00,2025-07-21 19:02:33.206362+00:00,True,2025-10-19 19:02:33.198141+00:00,ไม่สามารถถอดรหัสได้
56b98c10-526c-40f3-bf03-e995bd3ff47a,SYSTEM,Auth API,127.0.0.1,admin,admin,,LOGIN,SUCCESS,PASSWORD,127.0.0.1,,,,,,2025-07-21 18:58:29.102851+00:00,2025-07-21 18:58:29.104149+00:00,True,2025-10-19 18:58:29.102952+00:00,ไม่สามารถถอดรหัสได้
ce9100f9-3537-4f1e-9a6c-03aee0b71567,SYSTEM,Auth API,127.0.0.1,admin,admin,,LOGIN,SUCCESS,PASSWORD,127.0.0.1,,,,,,2025-07-21 18:55:32.068179+00:00,2025-07-21 18:55:32.071191+00:00,True,2025-10-19 18:55:32.068190+00:00,ไม่สามารถถอดรหัสได้
ddd160db-0396-4313-8a69-6db17e388bff,SYSTEM,Auth API,127.0.0.1,admin,admin,,LOGIN,SUCCESS,PASSWORD,127.0.0.1,,,,,,2025-07-21 18:54:50.854493+00:00,2025-07-21 18:54:50.862367+00:00,True,2025-10-19 18:54:50.854593+00:00,ไม่สามารถถอดรหัสได้
ab1d3e65-174c-4a4e-bf12-e3b082826db7,SYSTEM,Auth API,127.0.0.1,admin,admin,,LOGIN,SUCCESS,PASSWORD,127.0.0.1,,,,,,2025-07-21 18:53:28.957417+00:00,2025-07-21 18:53:28.958493+00:00,True,2025-10-19 18:53:28.957488+00:00,ไม่สามารถถอดรหัสได้
b28a510d-7479-4f00-96ee-b436618413dd,SYSTEM,Auth API,127.0.0.1,admin,admin,,LOGIN,SUCCESS,PASSWORD,127.0.0.1,,,,,,2025-07-21 18:48:28.796646+00:00,2025-07-21 18:48:28.799130+00:00,True,2025-10-19 18:48:28.796664+00:00,ไม่สามารถถอดรหัสได้
a72c5630-03fb-4555-b60a-0549e4e2974e,SYSTEM,Auth API,127.0.0.1,admin,admin,,LOGIN,FAILED,PASSWORD,127.0.0.1,,,,,,2025-07-21 18:45:31.575551+00:00,2025-07-21 18:45:31.577420+00:00,True,2025-10-19 18:45:31.575925+00:00,ไม่สามารถถอดรหัสได้
59846046-4372-459f-8e5f-52a65774df94,SYSTEM,Auth API,127.0.0.1,admin,admin,,LOGIN,SUCCESS,PASSWORD,127.0.0.1,,,,,,2025-07-21 18:43:28.464052+00:00,2025-07-21 18:43:28.472053+00:00,True,2025-10-19 18:43:28.464118+00:00,ไม่สามารถถอดรหัสได้
9ba1e024-56a1-4e92-83d7-3bcb844fc7c5,SYSTEM,Auth API,127.0.0.1,admin,admin,,LOGIN,SUCCESS,PASSWORD,127.0.0.1,,,,,,2025-07-21 18:40:31.471129+00:00,2025-07-21 18:40:31.472601+00:00,True,2025-10-19 18:40:31.471141+00:00,ไม่สามารถถอดรหัสได้
a3ef5ac1-5818-4f02-b20c-696e3ded00b9,SYSTEM,Auth API,127.0.0.1,admin,admin,,LOGIN,SUCCESS,PASSWORD,127.0.0.1,,,,,,2025-07-21 18:33:28.263162+00:00,2025-07-21 18:33:28.264856+00:00,True,2025-10-19 18:33:28.263177+00:00,ไม่สามารถถอดรหัสได้
f72bea04-1e6f-49d0-8571-ebdca9d83910,SYSTEM,Auth API,127.0.0.1,admin,admin,,LOGIN,SUCCESS,PASSWORD,127.0.0.1,,,,,,2025-07-21 18:24:27.999566+00:00,2025-07-21 18:24:28.013442+00:00,True,2025-10-19 18:24:27.999703+00:00,ไม่สามารถถอดรหัสได้
dea77ea0-e3ff-446f-b5f7-8a7c20fb7208,SYSTEM,Auth API,127.0.0.1,admin,admin,,LOGIN,SUCCESS,PASSWORD,127.0.0.1,,,,,,2025-07-21 18:20:02.481451+00:00,2025-07-21 18:20:02.488491+00:00,True,2025-10-19 18:20:02.481586+00:00,ไม่สามารถถอดรหัสได้
aa1f79f0-0029-45a4-864a-f2fbee334603,SYSTEM,Auth API,127.0.0.1,admin,admin,,LOGIN,SUCCESS,PASSWORD,127.0.0.1,,,,,,2025-07-21 18:12:12.109167+00:00,2025-07-21 18:12:12.124527+00:00,True,2025-10-19 18:12:12.109339+00:00,ไม่สามารถถอดรหัสได้
6cd987f4-63a6-4e27-8ffe-726883d37779,SYSTEM,Auth API,127.0.0.1,admin,admin,,LOGIN,SUCCESS,PASSWORD,127.0.0.1,,,,,,2025-07-21 17:58:37.975196+00:00,2025-07-21 17:58:37.982433+00:00,True,2025-10-19 17:58:37.975265+00:00,ไม่สามารถถอดรหัสได้
7d4ec6ae-ec9a-40ef-962f-220f7f886d1c,SYSTEM,Auth API,127.0.0.1,admin,admin,,LOGIN,SUCCESS,PASSWORD,127.0.0.1,,,,,,2025-07-21 17:57:56.111243+00:00,2025-07-21 17:57:56.119685+00:00,True,2025-10-19 17:57:56.111547+00:00,ไม่สามารถถอดรหัสได้
f1a503ca-83aa-4ce0-8dc7-a2ce972854f9,SYSTEM,Auth API,127.0.0.1,admin,admin,,LOGIN,SUCCESS,PASSWORD,127.0.0.1,,,,,,2025-07-21 17:54:19.353564+00:00,2025-07-21 17:54:19.354911+00:00,True,2025-10-19 17:54:19.353615+00:00,ไม่สามารถถอดรหัสได้
336916b8-6475-43a6-ab29-c63931c4bd53,SYSTEM,Auth API,127.0.0.1,admin,admin,,LOGOUT,SUCCESS,TOKEN,127.0.0.1,,,,,,2025-07-21 17:54:17.990127+00:00,2025-07-21 17:54:17.997582+00:00,True,2025-10-19 17:54:17.990278+00:00,ไม่สามารถถอดรหัสได้
2bfb3999-2214-4d53-9c23-2ac41db3e1e1,SYSTEM,Auth API,127.0.0.1,admin,admin,,LOGIN,SUCCESS,PASSWORD,127.0.0.1,,,,,,2025-07-21 17:53:54.871171+00:00,2025-07-21 17:53:54.874825+00:00,True,2025-10-19 17:53:54.871209+00:00,ไม่สามารถถอดรหัสได้
0008a65e-b791-46e0-ab24-d98a0278313e,SYSTEM,Auth API,127.0.0.1,admin,admin,,LOGIN,SUCCESS,PASSWORD,127.0.0.1,,,,,,2025-07-21 17:51:38.516321+00:00,2025-07-21 17:51:38.519774+00:00,True,2025-10-19 17:51:38.516345+00:00,ไม่สามารถถอดรหัสได้
7fbc73a7-c33d-49e9-8add-ba146c7b9f18,SYSTEM,Auth API,127.0.0.1,admin,admin,,LOGIN,SUCCESS,PASSWORD,127.0.0.1,,,,,,2025-07-21 17:50:38.331756+00:00,2025-07-21 17:50:38.337892+00:00,True,2025-10-19 17:50:38.331865+00:00,ไม่สามารถถอดรหัสได้
430b646a-789f-434b-83f3-447b2b6201a2,SYSTEM,Auth API,127.0.0.1,admin,admin,,LOGIN,SUCCESS,PASSWORD,127.0.0.1,,,,,,2025-07-21 17:42:01.825568+00:00,2025-07-21 17:42:01.829321+00:00,True,2025-10-19 17:42:01.825595+00:00,ไม่สามารถถอดรหัสได้
38c3a4d4-428a-426f-9cab-47e43030d7e0,SYSTEM,Auth API,127.0.0.1,admin,admin,,LOGIN,SUCCESS,PASSWORD,127.0.0.1,,,,,,2025-07-21 17:40:51.820893+00:00,2025-07-21 17:40:51.823089+00:00,True,2025-10-19 17:40:51.820929+00:00,ไม่สามารถถอดรหัสได้
53fa2a73-439d-4e2f-bb79-04f2a882a11d,SYSTEM,Auth API,127.0.0.1,admin,admin,,LOGOUT,SUCCESS,TOKEN,127.0.0.1,,,,,,2025-07-21 17:40:49.829953+00:00,2025-07-21 17:40:49.831956+00:00,True,2025-10-19 17:40:49.830053+00:00,ไม่สามารถถอดรหัสได้
2dbaa9b3-f32e-4f6c-b65b-74c40c4450b9,SYSTEM,Auth API,127.0.0.1,admin,admin,,LOGIN,SUCCESS,PASSWORD,127.0.0.1,,,,,,2025-07-21 17:40:22.699565+00:00,2025-07-21 17:40:22.705480+00:00,True,2025-10-19 17:40:22.699595+00:00,ไม่สามารถถอดรหัสได้
8d3da2b3-6aa1-49da-a0d5-314f656b194e,SYSTEM,Auth API,127.0.0.1,admin,admin,,LOGIN,SUCCESS,PASSWORD,127.0.0.1,,,,,,2025-07-21 17:39:38.074806+00:00,2025-07-21 17:39:38.080214+00:00,True,2025-10-19 17:39:38.074853+00:00,ไม่สามารถถอดรหัสได้
58724fe6-935e-4c70-a08c-7e97738341ab,SYSTEM,Auth API,127.0.0.1,admin,admin,,LOGIN,SUCCESS,PASSWORD,127.0.0.1,,,,,,2025-07-21 17:35:34.563882+00:00,2025-07-21 17:35:34.565878+00:00,True,2025-10-19 17:35:34.563898+00:00,ไม่สามารถถอดรหัสได้
2d562a6e-82d9-464d-b811-1baf6225c990,SYSTEM,Auth API,127.0.0.1,admin,admin,,LOGIN,SUCCESS,PASSWORD,127.0.0.1,,,,,,2025-07-21 17:15:59.491130+00:00,2025-07-21 17:15:59.506039+00:00,True,2025-10-19 17:15:59.491316+00:00,ไม่สามารถถอดรหัสได้
b09fa8a4-4fd5-4b06-93d0-1370d4aa21da,SYSTEM,Auth API,127.0.0.1,admin,admin,,LOGIN,SUCCESS,PASSWORD,127.0.0.1,,,,,,2025-07-21 16:30:09.872955+00:00,2025-07-21 16:30:09.873946+00:00,True,2025-10-19 16:30:09.872983+00:00,ไม่สามารถถอดรหัสได้
3602272b-8d43-4bf0-849d-228efdf97ce0,SYSTEM,Auth API,127.0.0.1,admin,admin,,LOGOUT,SUCCESS,TOKEN,127.0.0.1,,,,,,2025-07-21 16:30:07.287607+00:00,2025-07-21 16:30:07.291970+00:00,True,2025-10-19 16:30:07.287765+00:00,ไม่สามารถถอดรหัสได้
0131f017-f820-4f14-85d0-9f5acc6fa18b,SYSTEM,Auth API,127.0.0.1,admin,admin,,LOGIN,SUCCESS,PASSWORD,127.0.0.1,,,,,,2025-07-21 16:14:46.851198+00:00,2025-07-21 16:14:46.858253+00:00,True,2025-10-19 16:14:46.851342+00:00,ไม่สามารถถอดรหัสได้
9db59e0d-33e2-481b-95b7-45b366929273,SYSTEM,Auth API,127.0.0.1,admin,admin,,LOGIN,SUCCESS,PASSWORD,127.0.0.1,,,,,,2025-07-21 04:02:29.173893+00:00,2025-07-21 04:02:29.178779+00:00,True,2025-10-19 04:02:29.174060+00:00,ไม่สามารถถอดรหัสได้
32e900b7-8437-465c-8f69-aa81e4c663cf,SYSTEM,Auth API,127.0.0.1,admin,admin,,LOGIN,SUCCESS,PASSWORD,127.0.0.1,,,,,,2025-07-20 19:32:21.318360+00:00,2025-07-20 19:32:21.320713+00:00,True,2025-10-18 19:32:21.318396+00:00,ไม่สามารถถอดรหัสได้
765e4c33-dd16-432b-821e-9c98f8f96229,SYSTEM,Auth API,127.0.0.1,admin,admin,,LOGOUT,SUCCESS,TOKEN,127.0.0.1,,,,,,2025-07-20 19:31:50.277258+00:00,2025-07-20 19:31:50.287232+00:00,True,2025-10-18 19:31:50.277488+00:00,ไม่สามารถถอดรหัสได้
5275f015-ab87-4899-910f-06c3bd35662d,SYSTEM,Auth API,127.0.0.1,admin,admin,,LOGIN,SUCCESS,PASSWORD,127.0.0.1,,,,,,2025-07-20 19:27:39.743027+00:00,2025-07-20 19:27:39.750723+00:00,True,2025-10-18 19:27:39.743113+00:00,ไม่สามารถถอดรหัสได้
6acffd51-0920-496b-ae4d-05bd8ba23365,SYSTEM,Auth API,127.0.0.1,admin,admin,,LOGIN,SUCCESS,PASSWORD,127.0.0.1,,,,,,2025-07-20 19:26:22.618278+00:00,2025-07-20 19:26:22.621892+00:00,True,2025-10-18 19:26:22.618378+00:00,ไม่สามารถถอดรหัสได้
0ae9775b-dda5-4b38-bdce-f367c38572fe,SYSTEM,Auth API,127.0.0.1,admin,admin,,LOGOUT,SUCCESS,TOKEN,127.0.0.1,,,,,,2025-07-20 19:25:25.827414+00:00,2025-07-20 19:25:25.832118+00:00,True,2025-10-18 19:25:25.827614+00:00,ไม่สามารถถอดรหัสได้
defb3dfc-cfde-4dfe-b0c4-223803bd7c63,SYSTEM,Auth API,127.0.0.1,admin,admin,,LOGIN,SUCCESS,PASSWORD,127.0.0.1,,,,,,2025-07-20 19:12:09.506852+00:00,2025-07-20 19:12:09.530550+00:00,True,2025-10-18 19:12:09.506976+00:00,ไม่สามารถถอดรหัสได้
e76e464f-9f2c-4051-97e5-ea202af936ad,SYSTEM,Auth API,127.0.0.1,admin,admin,,LOGOUT,SUCCESS,TOKEN,127.0.0.1,,,,,,2025-07-20 19:09:03.075343+00:00,2025-07-20 19:09:03.079489+00:00,True,2025-10-18 19:09:03.075572+00:00,ไม่สามารถถอดรหัสได้
552882d8-dd45-4bfd-b821-d2dba25f7d5f,SYSTEM,Auth API,127.0.0.1,admin,admin,,LOGIN,SUCCESS,PASSWORD,127.0.0.1,,,,,,2025-07-20 19:07:14.847444+00:00,2025-07-20 19:07:14.855320+00:00,True,2025-10-18 19:07:14.847549+00:00,ไม่สามารถถอดรหัสได้
a77cb57c-9891-42b1-b5d2-63b28aedd77b,SYSTEM,Auth API,127.0.0.1,admin,admin,,LOGOUT,SUCCESS,TOKEN,127.0.0.1,,,,,,2025-07-20 19:04:03.209585+00:00,2025-07-20 19:04:03.213385+00:00,True,2025-10-18 19:04:03.209744+00:00,ไม่สามารถถอดรหัสได้
c7823aa8-95e9-4489-97b0-572feaf07002,SYSTEM,Auth API,127.0.0.1,admin,admin,,LOGIN,SUCCESS,PASSWORD,127.0.0.1,,,,,,2025-07-20 18:52:18.423293+00:00,2025-07-20 18:52:18.429743+00:00,True,2025-10-18 18:52:18.423402+00:00,ไม่สามารถถอดรหัสได้
6b0d8d27-c791-4f73-b520-6180aa2886d9,SYSTEM,Auth API,127.0.0.1,admin,admin,,LOGOUT,SUCCESS,TOKEN,127.0.0.1,,,,,,2025-07-20 18:47:45.834442+00:00,2025-07-20 18:47:45.840018+00:00,True,2025-10-18 18:47:45.834707+00:00,ไม่สามารถถอดรหัสได้
47ccc12b-00de-46ab-99bb-40a9304fb07c,SYSTEM,Auth API,127.0.0.1,admin,admin,,LOGIN,SUCCESS,PASSWORD,127.0.0.1,,,,,,2025-07-20 18:30:49.911674+00:00,2025-07-20 18:30:49.912752+00:00,True,2025-10-18 18:30:49.911694+00:00,ไม่สามารถถอดรหัสได้
3db55837-e905-4ce7-aeb5-d111bdf2871e,SYSTEM,Auth API,127.0.0.1,admin,admin,,LOGOUT,SUCCESS,TOKEN,127.0.0.1,,,,,,2025-07-20 18:30:44.464192+00:00,2025-07-20 18:30:44.481416+00:00,True,2025-10-18 18:30:44.464625+00:00,ไม่สามารถถอดรหัสได้
dc9c5cbd-81f6-4ee0-94c4-19f99127223b,SYSTEM,Auth API,127.0.0.1,admin,admin,,LOGIN,SUCCESS,PASSWORD,127.0.0.1,,,,,,2025-07-20 18:23:39.203863+00:00,2025-07-20 18:23:39.206214+00:00,True,2025-10-18 18:23:39.203887+00:00,ไม่สามารถถอดรหัสได้
e8b813f2-77db-455d-9d36-0151d3283b2a,SYSTEM,Auth API,127.0.0.1,admin,admin,,LOGOUT,SUCCESS,TOKEN,127.0.0.1,,,,,,2025-07-20 18:23:32.682745+00:00,2025-07-20 18:23:32.695744+00:00,True,2025-10-18 18:23:32.683028+00:00,ไม่สามารถถอดรหัสได้
efde6aed-0ab3-42e7-b797-58c958eb0429,SYSTEM,Auth API,127.0.0.1,admin,admin,,LOGIN,SUCCESS,PASSWORD,127.0.0.1,,,,,,2025-07-20 17:57:42.273857+00:00,2025-07-20 17:57:42.277136+00:00,True,2025-10-18 17:57:42.273904+00:00,ไม่สามารถถอดรหัสได้
a91282b3-47c9-4d61-8624-2f4b963b362b,SYSTEM,Auth API,127.0.0.1,admin,admin,,LOGOUT,SUCCESS,TOKEN,127.0.0.1,,,,,,2025-07-20 17:57:31.606416+00:00,2025-07-20 17:57:31.611551+00:00,True,2025-10-18 17:57:31.606581+00:00,ไม่สามารถถอดรหัสได้
2df11e3c-f268-484b-b3c0-a1656412ad2f,SYSTEM,Auth API,127.0.0.1,admin,admin,,LOGIN,SUCCESS,PASSWORD,127.0.0.1,,,,,,2025-07-20 17:55:17.398667+00:00,2025-07-20 17:55:17.399932+00:00,True,2025-10-18 17:55:17.398694+00:00,ไม่สามารถถอดรหัสได้
09d60e7a-eaa5-4bf0-bdca-27c5d4c640f1,SYSTEM,Auth API,127.0.0.1,admin,admin,,LOGOUT,SUCCESS,TOKEN,127.0.0.1,,,,,,2025-07-20 17:55:07.341712+00:00,2025-07-20 17:55:07.351592+00:00,True,2025-10-18 17:55:07.341912+00:00,ไม่สามารถถอดรหัสได้
2a6d921a-43cf-4db4-aa5e-4ddcd4c4fd00,SYSTEM,Auth API,127.0.0.1,admin,admin,,LOGIN,SUCCESS,PASSWORD,127.0.0.1,,,,,,2025-07-20 17:36:41.609170+00:00,2025-07-20 17:36:41.610593+00:00,True,2025-10-18 17:36:41.609200+00:00,ไม่สามารถถอดรหัสได้
7b982384-1767-4166-acf8-5ec5ec195c7e,SYSTEM,Auth API,127.0.0.1,admin,admin,,LOGOUT,SUCCESS,TOKEN,127.0.0.1,,,,,,2025-07-20 17:35:41.022172+00:00,2025-07-20 17:35:41.023900+00:00,True,2025-10-18 17:35:41.022268+00:00,ไม่สามารถถอดรหัสได้
052ab701-a8fb-47ab-be9e-b722c247e7a9,SYSTEM,Auth API,127.0.0.1,admin,admin,,LOGIN,SUCCESS,PASSWORD,127.0.0.1,,,,,,2025-07-20 17:34:14.416057+00:00,2025-07-20 17:34:14.428917+00:00,True,2025-10-18 17:34:14.416152+00:00,ไม่สามารถถอดรหัสได้
d5da27e4-4d41-4855-9642-ebc77336ca23,SYSTEM,Auth API,127.0.0.1,admin,admin,,LOGIN,SUCCESS,PASSWORD,127.0.0.1,,,,,,2025-07-20 17:02:15.467742+00:00,2025-07-20 17:02:15.482792+00:00,True,2025-10-18 17:02:15.467837+00:00,ไม่สามารถถอดรหัสได้
164a3125-ff79-4154-9641-186c182dbf32,SYSTEM,Auth API,127.0.0.1,admin,admin,,LOGIN,SUCCESS,PASSWORD,127.0.0.1,,,,,,2025-07-20 16:23:56.911418+00:00,2025-07-20 16:23:56.917165+00:00,True,2025-10-18 16:23:56.911485+00:00,ไม่สามารถถอดรหัสได้
eb680f9d-e511-48d6-89f2-55a67f5b094d,SYSTEM,Auth API,127.0.0.1,admin,admin,,LOGIN,SUCCESS,PASSWORD,127.0.0.1,,,,,,2025-07-20 16:07:34.179444+00:00,2025-07-20 16:07:34.182010+00:00,True,2025-10-18 16:07:34.179519+00:00,ไม่สามารถถอดรหัสได้
d9d61a39-f3fd-4ee6-af13-24a47f9919ef,SYSTEM,Auth API,127.0.0.1,admin,admin,,LOGIN,SUCCESS,PASSWORD,127.0.0.1,,,,,,2025-07-20 16:05:22.439511+00:00,2025-07-20 16:05:22.445368+00:00,True,2025-10-18 16:05:22.439586+00:00,ไม่สามารถถอดรหัสได้
e6e1558a-1d34-464c-916c-95cc6829cb4b,SYSTEM,Auth API,127.0.0.1,admin,admin,,LOGIN,SUCCESS,PASSWORD,127.0.0.1,,,,,,2025-07-20 16:03:48.352113+00:00,2025-07-20 16:03:48.362513+00:00,True,2025-10-18 16:03:48.352181+00:00,ไม่สามารถถอดรหัสได้
3bb25d9b-17c2-47c8-ba7c-a0d8004f2284,SYSTEM,Auth API,127.0.0.1,admin,admin,,LOGIN,SUCCESS,PASSWORD,127.0.0.1,,,,,,2025-07-20 16:01:54.236005+00:00,2025-07-20 16:01:54.236795+00:00,True,2025-10-18 16:01:54.236024+00:00,ไม่สามารถถอดรหัสได้
250b3e4e-2476-46a9-88df-15cc562d73b4,SYSTEM,Auth API,127.0.0.1,admin,admin,,LOGIN,SUCCESS,PASSWORD,127.0.0.1,,,,,,2025-07-20 16:01:47.311475+00:00,2025-07-20 16:01:47.313093+00:00,True,2025-10-18 16:01:47.311515+00:00,ไม่สามารถถอดรหัสได้
daaa971f-6437-446a-a5f0-db0203108e09,SYSTEM,Auth API,127.0.0.1,admin,admin,,LOGIN,SUCCESS,PASSWORD,127.0.0.1,,,,,,2025-07-20 16:00:31.269554+00:00,2025-07-20 16:00:31.272863+00:00,True,2025-10-18 16:00:31.269588+00:00,ไม่สามารถถอดรหัสได้
85db453e-face-4916-abf9-d9ea3b039f9e,SYSTEM,Auth API,127.0.0.1,admin,admin,,LOGIN,SUCCESS,PASSWORD,127.0.0.1,,,,,,2025-07-20 16:00:02.716003+00:00,2025-07-20 16:00:02.721056+00:00,True,2025-10-18 16:00:02.716076+00:00,ไม่สามารถถอดรหัสได้
60b59d3b-3f41-4325-a237-b0e6c0ddf60e,SYSTEM,Auth API,127.0.0.1,admin,admin,,LOGIN,SUCCESS,PASSWORD,127.0.0.1,,,,,,2025-07-20 15:57:41.153220+00:00,2025-07-20 15:57:41.156392+00:00,True,2025-10-18 15:57:41.153244+00:00,ไม่สามารถถอดรหัสได้
588593f3-c172-4090-8601-20723f25b557,SYSTEM,Auth API,127.0.0.1,admin,admin,,LOGIN,SUCCESS,PASSWORD,127.0.0.1,,,,,,2025-07-20 15:54:29.342656+00:00,2025-07-20 15:54:29.346330+00:00,True,2025-10-18 15:54:29.342712+00:00,ไม่สามารถถอดรหัสได้
3c5a6eae-4245-47df-bdc9-82f1c6aad8af,SYSTEM,Auth API,127.0.0.1,admin,admin,,LOGIN,SUCCESS,PASSWORD,127.0.0.1,,,,,,2025-07-20 15:53:47.139543+00:00,2025-07-20 15:53:47.141019+00:00,True,2025-10-18 15:53:47.139571+00:00,ไม่สามารถถอดรหัสได้
9565091c-f2b5-4c59-b76f-5c070655abfd,SYSTEM,Auth API,127.0.0.1,admin,admin,,LOGIN,SUCCESS,PASSWORD,127.0.0.1,,,,,,2025-07-20 15:53:40.323011+00:00,2025-07-20 15:53:40.326218+00:00,True,2025-10-18 15:53:40.323046+00:00,ไม่สามารถถอดรหัสได้
a0acaab6-f682-4640-99d7-922abef36000,SYSTEM,Auth API,127.0.0.1,admin,admin,,LOGIN,SUCCESS,PASSWORD,127.0.0.1,,,,,,2025-07-20 15:47:39.325284+00:00,2025-07-20 15:47:39.328147+00:00,True,2025-10-18 15:47:39.325324+00:00,ไม่สามารถถอดรหัสได้
63fe2cb7-cac4-427b-88bc-4e23bb48d6f9,SYSTEM,Auth API,127.0.0.1,admin,admin,,LOGIN,SUCCESS,PASSWORD,127.0.0.1,,,,,,2025-07-20 15:46:41.615311+00:00,2025-07-20 15:46:41.620807+00:00,True,2025-10-18 15:46:41.615398+00:00,ไม่สามารถถอดรหัสได้
df44563f-ce02-408f-879e-69e8e29ca42b,SYSTEM,Auth API,127.0.0.1,admin,admin,,LOGIN,SUCCESS,PASSWORD,127.0.0.1,,,,,,2025-07-20 15:42:37.763512+00:00,2025-07-20 15:42:37.765287+00:00,True,2025-10-18 15:42:37.763535+00:00,ไม่สามารถถอดรหัสได้
afb87c3b-65d1-497d-9a26-9707299d35ad,SYSTEM,Auth API,127.0.0.1,admin,admin,,LOGIN,SUCCESS,PASSWORD,127.0.0.1,,,,,,2025-07-20 15:42:21.749617+00:00,2025-07-20 15:42:21.751141+00:00,True,2025-10-18 15:42:21.749643+00:00,ไม่สามารถถอดรหัสได้
5787319b-d1cb-47fc-9ee8-d3705ec9d735,SYSTEM,Auth API,127.0.0.1,admin,admin,,LOGIN,SUCCESS,PASSWORD,127.0.0.1,,,,,,2025-07-20 15:42:12.157069+00:00,2025-07-20 15:42:12.158076+00:00,True,2025-10-18 15:42:12.157091+00:00,ไม่สามารถถอดรหัสได้
5ceef268-e9a5-4fea-8ab1-7ab38fdf7a71,SYSTEM,Auth API,127.0.0.1,admin,admin,,LOGIN,SUCCESS,PASSWORD,127.0.0.1,,,,,,2025-07-20 15:42:01.136391+00:00,2025-07-20 15:42:01.144932+00:00,True,2025-10-18 15:42:01.136480+00:00,ไม่สามารถถอดรหัสได้
1d23120a-b5eb-4b39-9b4a-0507cb225857,SYSTEM,Auth API,127.0.0.1,admin,admin,,LOGIN,SUCCESS,PASSWORD,127.0.0.1,,,,,,2025-07-20 15:38:53.563440+00:00,2025-07-20 15:38:53.564778+00:00,True,2025-10-18 15:38:53.563470+00:00,ไม่สามารถถอดรหัสได้
cfaa7d18-46cc-4785-bc72-3de413665c55,SYSTEM,Auth API,127.0.0.1,admin,admin,,LOGIN,SUCCESS,PASSWORD,127.0.0.1,,,,,,2025-07-20 15:35:44.083010+00:00,2025-07-20 15:35:44.084794+00:00,True,2025-10-18 15:35:44.083038+00:00,ไม่สามารถถอดรหัสได้
e3d16d81-a365-44ed-8b73-ffc060857fee,SYSTEM,Auth API,127.0.0.1,admin,admin,,LOGIN,SUCCESS,PASSWORD,127.0.0.1,,,,,,2025-07-20 15:35:35.851479+00:00,2025-07-20 15:35:35.853167+00:00,True,2025-10-18 15:35:35.851511+00:00,ไม่สามารถถอดรหัสได้
f03364a8-4b14-4a86-a43a-0abf87109f6a,SYSTEM,Auth API,127.0.0.1,admin,admin,,LOGIN,SUCCESS,PASSWORD,127.0.0.1,,,,,,2025-07-20 15:35:20.906879+00:00,2025-07-20 15:35:20.914988+00:00,True,2025-10-18 15:35:20.906953+00:00,ไม่สามารถถอดรหัสได้
e1b6b02b-8c7c-4b04-a7d0-1f7c8a109ce7,SYSTEM,Auth API,127.0.0.1,admin,admin,,LOGIN,SUCCESS,PASSWORD,127.0.0.1,,,,,,2025-07-20 15:32:06.030968+00:00,2025-07-20 15:32:06.036283+00:00,True,2025-10-18 15:32:06.030988+00:00,ไม่สามารถถอดรหัสได้
27e48042-efa9-4cce-a5b1-bb0f01b1ddbd,SYSTEM,Auth API,127.0.0.1,admin,admin,,LOGIN,SUCCESS,PASSWORD,127.0.0.1,,,,,,2025-07-20 15:27:24.966114+00:00,2025-07-20 15:27:24.967383+00:00,True,2025-10-18 15:27:24.966148+00:00,ไม่สามารถถอดรหัสได้
be25e463-a84a-4bba-aa0c-0d8d9014fea7,SYSTEM,Auth API,127.0.0.1,admin,admin,,LOGIN,SUCCESS,PASSWORD,127.0.0.1,,,,,,2025-07-20 15:27:14.949709+00:00,2025-07-20 15:27:14.953076+00:00,True,2025-10-18 15:27:14.949791+00:00,ไม่สามารถถอดรหัสได้
09fee10a-f142-4d9b-a5fb-930a1ea2a218,SYSTEM,Auth API,127.0.0.1,admin,admin,,LOGIN,SUCCESS,PASSWORD,127.0.0.1,,,,,,2025-07-20 15:22:41.520802+00:00,2025-07-20 15:22:41.523296+00:00,True,2025-10-18 15:22:41.520841+00:00,ไม่สามารถถอดรหัสได้
e27c2ff6-da78-4485-a756-4327070dfdca,SYSTEM,Auth API,127.0.0.1,admin,admin,,LOGIN,SUCCESS,PASSWORD,127.0.0.1,,,,,,2025-07-20 15:21:39.616083+00:00,2025-07-20 15:21:39.618204+00:00,True,2025-10-18 15:21:39.616151+00:00,ไม่สามารถถอดรหัสได้
56bf854e-edde-4c06-be38-5ddc760fa271,SYSTEM,Auth API,127.0.0.1,admin,admin,,LOGIN,SUCCESS,PASSWORD,127.0.0.1,,,,,,2025-07-20 15:21:08.364754+00:00,2025-07-20 15:21:08.371500+00:00,True,2025-10-18 15:21:08.364828+00:00,ไม่สามารถถอดรหัสได้
1e339c55-3c6f-49b4-8aed-6388fa491b47,SYSTEM,Auth API,127.0.0.1,admin,admin,,LOGIN,SUCCESS,PASSWORD,127.0.0.1,,,,,,2025-07-20 15:14:33.188738+00:00,2025-07-20 15:14:33.191134+00:00,True,2025-10-18 15:14:33.188779+00:00,ไม่สามารถถอดรหัสได้
8fca0d25-d529-44ed-97cc-197de5342b5a,SYSTEM,Auth API,127.0.0.1,admin,admin,,LOGIN,SUCCESS,PASSWORD,127.0.0.1,,,,,,2025-07-20 15:14:18.574482+00:00,2025-07-20 15:14:18.583741+00:00,True,2025-10-18 15:14:18.574522+00:00,ไม่สามารถถอดรหัสได้
ba92c9ca-ff62-4ca1-b0c4-82289a56f5e2,SYSTEM,Auth API,127.0.0.1,admin,admin,,LOGIN,SUCCESS,PASSWORD,127.0.0.1,,,,,,2025-07-20 15:07:35.058414+00:00,2025-07-20 15:07:35.059880+00:00,True,2025-10-18 15:07:35.058432+00:00,ไม่สามารถถอดรหัสได้
76600a46-37b4-4303-9ef3-2df6f90e62d7,SYSTEM,Auth API,127.0.0.1,admin,admin,,LOGIN,SUCCESS,PASSWORD,127.0.0.1,,,,,,2025-07-20 15:07:11.270246+00:00,2025-07-20 15:07:11.271085+00:00,True,2025-10-18 15:07:11.270261+00:00,ไม่สามารถถอดรหัสได้
678076cb-c36b-4369-a9d5-e0254518c7f1,SYSTEM,Auth API,127.0.0.1,admin,admin,,LOGIN,SUCCESS,PASSWORD,127.0.0.1,,,,,,2025-07-20 15:06:24.055025+00:00,2025-07-20 15:06:24.056594+00:00,True,2025-10-18 15:06:24.055052+00:00,ไม่สามารถถอดรหัสได้
7316ef0a-64da-487f-b7fa-249c16706b60,SYSTEM,Auth API,127.0.0.1,admin,admin,,LOGIN,SUCCESS,PASSWORD,127.0.0.1,,,,,,2025-07-20 15:05:52.414720+00:00,2025-07-20 15:05:52.416721+00:00,True,2025-10-18 15:05:52.414747+00:00,ไม่สามารถถอดรหัสได้
d4890b65-6bae-424d-b6c4-e76057dd4108,SYSTEM,Auth API,127.0.0.1,admin,admin,,LOGIN,SUCCESS,PASSWORD,127.0.0.1,,,,,,2025-07-20 15:05:46.960528+00:00,2025-07-20 15:05:46.964321+00:00,True,2025-10-18 15:05:46.960625+00:00,ไม่สามารถถอดรหัสได้
5f7301dd-06d1-45d1-b862-96385d019172,SYSTEM,Auth API,127.0.0.1,admin,admin,,LOGIN,SUCCESS,PASSWORD,127.0.0.1,,,,,,2025-07-20 14:59:52.883977+00:00,2025-07-20 14:59:52.885898+00:00,True,2025-10-18 14:59:52.883997+00:00,ไม่สามารถถอดรหัสได้
8267c6b3-d1db-4a76-94b8-9f489ba7e35c,SYSTEM,Auth API,127.0.0.1,admin,admin,,LOGIN,SUCCESS,PASSWORD,127.0.0.1,,,,,,2025-07-20 14:59:47.034644+00:00,2025-07-20 14:59:47.035972+00:00,True,2025-10-18 14:59:47.034672+00:00,ไม่สามารถถอดรหัสได้
26336b68-2d54-46b8-91e3-2f7a3979040a,SYSTEM,Auth API,127.0.0.1,admin,admin,,LOGIN,SUCCESS,PASSWORD,127.0.0.1,,,,,,2025-07-20 14:59:39.940004+00:00,2025-07-20 14:59:39.950482+00:00,True,2025-10-18 14:59:39.940099+00:00,ไม่สามารถถอดรหัสได้
6f5b15e2-80e2-4d4b-b584-a5ce0af36a8b,SYSTEM,Auth API,127.0.0.1,admin,admin,,LOGIN,SUCCESS,PASSWORD,127.0.0.1,,,,,,2025-07-20 14:56:34.024925+00:00,2025-07-20 14:56:34.032852+00:00,True,2025-10-18 14:56:34.024987+00:00,ไม่สามารถถอดรหัสได้
c9d627d4-937c-4873-b152-dc1acc2c6d2c,SYSTEM,Auth API,127.0.0.1,admin,admin,,LOGIN,SUCCESS,PASSWORD,127.0.0.1,,,,,,2025-07-20 14:54:17.565090+00:00,2025-07-20 14:54:17.566733+00:00,True,2025-10-18 14:54:17.565123+00:00,ไม่สามารถถอดรหัสได้
98689e4b-b5d3-4391-91b9-5c0583846887,SYSTEM,Auth API,127.0.0.1,admin,admin,,LOGIN,SUCCESS,PASSWORD,127.0.0.1,,,,,,2025-07-20 14:53:45.944805+00:00,2025-07-20 14:53:45.945626+00:00,True,2025-10-18 14:53:45.944824+00:00,ไม่สามารถถอดรหัสได้
f249e2f5-2e79-41df-ae89-5d9dd1449ce1,SYSTEM,Auth API,127.0.0.1,admin,admin,,LOGIN,SUCCESS,PASSWORD,127.0.0.1,,,,,,2025-07-20 14:52:29.411057+00:00,2025-07-20 14:52:29.414872+00:00,True,2025-10-18 14:52:29.411110+00:00,ไม่สามารถถอดรหัสได้
b532e133-994d-40cd-8e8a-0088c6461736,SYSTEM,Auth API,127.0.0.1,admin,admin,,LOGIN,SUCCESS,PASSWORD,127.0.0.1,,,,,,2025-07-20 14:48:45.917101+00:00,2025-07-20 14:48:45.918992+00:00,True,2025-10-18 14:48:45.917131+00:00,ไม่สามารถถอดรหัสได้
3d4c6107-5a86-4177-83f8-17d3df4acb4a,SYSTEM,Auth API,127.0.0.1,admin,admin,,LOGIN,SUCCESS,PASSWORD,127.0.0.1,,,,,,2025-07-20 14:48:28.214097+00:00,2025-07-20 14:48:28.215697+00:00,True,2025-10-18 14:48:28.214128+00:00,ไม่สามารถถอดรหัสได้
d06d245d-1afd-4243-8160-88e9865a0a3a,SYSTEM,Auth API,127.0.0.1,admin,admin,,LOGIN,SUCCESS,PASSWORD,127.0.0.1,,,,,,2025-07-20 14:48:18.398457+00:00,2025-07-20 14:48:18.400106+00:00,True,2025-10-18 14:48:18.398486+00:00,ไม่สามารถถอดรหัสได้
8a29e75e-6a35-4cc7-98dd-84281d78ddb3,SYSTEM,Auth API,127.0.0.1,admin,admin,,LOGIN,SUCCESS,PASSWORD,127.0.0.1,,,,,,2025-07-20 14:48:14.248855+00:00,2025-07-20 14:48:14.250524+00:00,True,2025-10-18 14:48:14.248883+00:00,ไม่สามารถถอดรหัสได้
6dbf14f8-62cc-4fc9-92c3-06d3d8f084e0,SYSTEM,Auth API,127.0.0.1,admin,admin,,LOGIN,SUCCESS,PASSWORD,127.0.0.1,,,,,,2025-07-20 14:48:09.930576+00:00,2025-07-20 14:48:09.932432+00:00,True,2025-10-18 14:48:09.930604+00:00,ไม่สามารถถอดรหัสได้
bd6df3bd-03b0-4744-935a-570316642dc0,SYSTEM,Auth API,127.0.0.1,admin,admin,,LOGIN,SUCCESS,PASSWORD,127.0.0.1,,,,,,2025-07-20 14:48:04.992879+00:00,2025-07-20 14:48:04.997650+00:00,True,2025-10-18 14:48:04.993017+00:00,ไม่สามารถถอดรหัสได้
d54f2cee-5b67-4fc3-96a2-f5861b56dcea,SYSTEM,Auth API,127.0.0.1,admin,admin,,LOGIN,SUCCESS,PASSWORD,127.0.0.1,,,,,,2025-07-20 14:45:45.545080+00:00,2025-07-20 14:45:45.547793+00:00,True,2025-10-18 14:45:45.545171+00:00,ไม่สามารถถอดรหัสได้
d54e0d18-c962-4cc4-9448-c056d9da345d,SYSTEM,Auth API,127.0.0.1,admin,admin,,LOGIN,SUCCESS,PASSWORD,127.0.0.1,,,,,,2025-07-20 14:45:28.664905+00:00,2025-07-20 14:45:28.666298+00:00,True,2025-10-18 14:45:28.664945+00:00,ไม่สามารถถอดรหัสได้
6358e536-de28-4365-b9b0-343cb38fabe1,SYSTEM,Auth API,127.0.0.1,admin,admin,,LOGIN,SUCCESS,PASSWORD,127.0.0.1,,,,,,2025-07-20 14:45:05.710587+00:00,2025-07-20 14:45:05.712036+00:00,True,2025-10-18 14:45:05.710614+00:00,ไม่สามารถถอดรหัสได้
12eaa585-7a17-43d8-b16f-97d68e8a4788,SYSTEM,Auth API,127.0.0.1,admin,admin,,LOGIN,SUCCESS,PASSWORD,127.0.0.1,,,,,,2025-07-20 14:45:05.176782+00:00,2025-07-20 14:45:05.177916+00:00,True,2025-10-18 14:45:05.176809+00:00,ไม่สามารถถอดรหัสได้
6400e11a-2698-45f9-9885-3f96f1f08b81,SYSTEM,Auth API,127.0.0.1,admin,admin,,LOGIN,SUCCESS,PASSWORD,127.0.0.1,,,,,,2025-07-20 14:45:02.050122+00:00,2025-07-20 14:45:02.052129+00:00,True,2025-10-18 14:45:02.050196+00:00,ไม่สามารถถอดรหัสได้
8a849fc9-4c68-4f21-b614-de1506837740,SYSTEM,Auth API,127.0.0.1,admin,admin,,LOGIN,SUCCESS,PASSWORD,127.0.0.1,,,,,,2025-07-20 14:44:34.140983+00:00,2025-07-20 14:44:34.142756+00:00,True,2025-10-18 14:44:34.141020+00:00,ไม่สามารถถอดรหัสได้
b6f4e72d-6cd3-40f6-a551-cf881147a7f3,SYSTEM,Auth API,127.0.0.1,admin,admin,,LOGIN,SUCCESS,PASSWORD,127.0.0.1,,,,,,2025-07-20 14:44:25.062453+00:00,2025-07-20 14:44:25.071917+00:00,True,2025-10-18 14:44:25.062473+00:00,ไม่สามารถถอดรหัสได้
f4692c0a-4057-43b0-8a67-b6bb64828c33,SYSTEM,Auth API,127.0.0.1,admin,admin,,LOGIN,SUCCESS,PASSWORD,127.0.0.1,,,,,,2025-07-20 14:42:49.124301+00:00,2025-07-20 14:42:49.127268+00:00,True,2025-10-18 14:42:49.124323+00:00,ไม่สามารถถอดรหัสได้
eeefd2a8-2a74-4ff8-b395-c586dbf8c33b,SYSTEM,Auth API,127.0.0.1,admin,admin,,LOGIN,SUCCESS,PASSWORD,127.0.0.1,,,,,,2025-07-20 14:40:18.087471+00:00,2025-07-20 14:40:18.089411+00:00,True,2025-10-18 14:40:18.087508+00:00,ไม่สามารถถอดรหัสได้
f38cd277-fa1e-4490-8791-af0f73e85d3e,SYSTEM,Auth API,127.0.0.1,admin,admin,,LOGIN,SUCCESS,PASSWORD,127.0.0.1,,,,,,2025-07-20 14:39:28.482731+00:00,2025-07-20 14:39:28.485722+00:00,True,2025-10-18 14:39:28.482769+00:00,ไม่สามารถถอดรหัสได้
559f7de6-f791-4f26-8ef3-e6d14e5aeee5,SYSTEM,Auth API,127.0.0.1,admin,admin,,LOGIN,SUCCESS,PASSWORD,127.0.0.1,,,,,,2025-07-20 14:39:21.227312+00:00,2025-07-20 14:39:21.228392+00:00,True,2025-10-18 14:39:21.227329+00:00,ไม่สามารถถอดรหัสได้
30d5e8de-d0ce-453f-9a5e-8599605ae24c,SYSTEM,Auth API,127.0.0.1,admin,admin,,LOGIN,SUCCESS,PASSWORD,127.0.0.1,,,,,,2025-07-20 14:39:09.436222+00:00,2025-07-20 14:39:09.438193+00:00,True,2025-10-18 14:39:09.436260+00:00,ไม่สามารถถอดรหัสได้
9d96261f-081a-497e-b6d5-6a009ac4b60a,SYSTEM,Auth API,127.0.0.1,admin,admin,,LOGIN,SUCCESS,PASSWORD,127.0.0.1,,,,,,2025-07-20 14:39:02.654033+00:00,2025-07-20 14:39:02.660092+00:00,True,2025-10-18 14:39:02.654093+00:00,ไม่สามารถถอดรหัสได้
d0b3ab75-342b-4c90-8858-a742b4d1e15f,SYSTEM,Auth API,127.0.0.1,admin,admin,,LOGIN,SUCCESS,PASSWORD,127.0.0.1,,,,,,2025-07-20 14:38:23.370622+00:00,2025-07-20 14:38:23.371965+00:00,True,2025-10-18 14:38:23.370652+00:00,ไม่สามารถถอดรหัสได้
6f2d2adf-a7e8-4989-96de-230176ab2e8c,SYSTEM,Auth API,127.0.0.1,admin,admin,,LOGIN,FAILED,PASSWORD,127.0.0.1,,,,,,2025-07-20 14:38:15.439192+00:00,2025-07-20 14:38:15.449003+00:00,True,2025-10-18 14:38:15.439609+00:00,ไม่สามารถถอดรหัสได้
